,A,B,C,D
2000-01-01,-0.115293915288,0.477521574373,-1.66213452572,0.173055486707
2000-01-02,-0.783487822468,-0.115342070912,0.280587735319,-1.02320841928
2000-01-03,1.48399465041,-0.513734968628,-0.80324864434,-1.09293560525
2000-01-04,1.1934489901,0.113925810428,0.463329943668,-1.26359420924
2000-01-05,1.63506330218,-0.712848326352,0.679855076716,-1.90978234684
2000-01-06,2.937582283,-0.962615271359,0.949266673026,-3.25356746175
2000-01-07,2.46022289578,-0.284979690927,3.32505960902,-2.09299034806
2000-01-08,3.43295381741,-0.297427318681,3.00312807907,-1.89829310308
2000-01-09,5.6539660356,-1.13382787565,2.74722077424,-3.71569946876
2000-01-10,6.94840706817,-1.02864068624,2.38812106544,-4.53579421157
2000-01-11,6.51171560263,-1.33320318068,4.44178979941,-3.702420943
2000-01-12,7.9403170241,-1.45463073713,5.39879675091,-3.25855505821
2000-01-13,7.44778913704,-2.15621959177,5.56310855127,-3.22147542718
2000-01-14,8.045612847,-1.88552929466,6.45430918881,-1.76036358116
2000-01-15,7.26062256402,-1.33410212556,7.83320291769,-0.510646346807
2000-01-16,7.65687930558,-1.6727387378,8.0413123627,-0.578498637792
2000-01-17,6.49256660436,-3.16384151474,8.50722370222,-0.756157296046
2000-01-18,6.06850166027,-2.14742748664,9.47642299801,-2.6427512733
2000-01-19,4.54932531005,-1.12334956525,9.32540927631,-1.05471398837
2000-01-20,3.40116361852,-2.17827867422,8.70867429099,-0.150719428434
2000-01-21,5.9369263551,-3.60937363738,8.46336587168,0.0357927308974
2000-01-22,3.70103699754,-3.09097390158,9.48486804124,-0.186163676003
2000-01-23,3.76455780742,-2.99189712295,10.5015741533,0.984259577628
2000-01-24,4.29261227883,-4.42059422171,10.8506141597,2.74036722855
2000-01-25,6.18007110053,-3.68372663963,10.4604921315,5.17288972608
2000-01-26,5.51323437658,-3.46820142677,11.4930010776,5.55515389759
2000-01-27,3.93153605878,-3.88350626169,9.94559494001,6.52133392876
2000-01-28,3.4785686285,-3.94521776437,10.9432283563,6.04896676865
2000-01-29,2.72818334741,-2.77761550546,10.1172347478,5.51715018077
2000-01-30,4.22327427578,-4.09319844126,10.2906387192,5.38725811573
2000-01-31,3.25861401816,-5.07110283658,11.1036528773,6.73242600048
2000-02-01,3.38784909926,-3.22559098277,9.26629871765,6.2480461801
2000-02-02,2.23685278389,-2.22442499325,9.36158255297,2.68836121316
2000-02-03,2.85590816139,-0.249074824461,8.66971997818,3.66297129201
2000-02-04,2.64940441593,0.343125092256,7.99560029314,4.5374432321
2000-02-05,2.24660751439,0.910431203642,7.00788023015,3.83917697126
2000-02-06,3.11916682407,0.00838456408144,5.72797916127,3.1155484446
2000-02-07,1.83269864474,0.657821348463,3.48062062758,5.44840339859
2000-02-08,2.06621957645,1.43048232209,4.53156429431,6.93249680663
2000-02-09,2.36838684796,1.3905228764,4.16338135882,7.85517808503
2000-02-10,3.6150346902,2.85461674521,4.56340357827,6.40877348688
2000-02-11,3.94302955138,4.62152580866,3.66577870122,6.79630641669
2000-02-12,3.29795520938,5.08887008651,5.21607859932,7.88002232215
2000-02-13,4.6678102146,5.18731757907,4.71104057872,9.13018020815
2000-02-14,5.95263890314,5.186404482,2.20822587289,9.08333775179
2000-02-15,5.22170228117,5.72983116568,2.7646892276,8.18875102224
2000-02-16,5.99975952457,6.59361631307,3.35394872889,7.71006413249
2000-02-17,6.01226437597,7.62446089754,3.97110829299,6.09428324516
2000-02-18,5.85985339137,10.2744124348,5.38243145055,8.29806027281
2000-02-19,4.20132499744,11.1300371095,5.21371856152,8.33376680612
2000-02-20,4.22191038613,11.4799526602,4.51621837281,8.48410102703
2000-02-21,5.03679780008,10.2152816692,3.98107442205,7.21961129641
2000-02-22,3.26082042639,10.7233340412,4.79006758131,5.88050907512
2000-02-23,4.51456055619,11.393069791,5.60696404289,5.77577446149
2000-02-24,3.91474866043,10.8331894747,3.35180394728,4.56471152232
2000-02-25,2.35530309554,10.2645108871,1.58860264349,5.80393562917
2000-02-26,3.79406191992,9.10803859934,0.0308695384481,5.07067650457
2000-02-27,2.71439858299,9.90057177477,-0.329815770004,6.22961259352
2000-02-28,2.28546619822,9.32063556041,1.35454148133,7.05207115815
2000-02-29,2.45786863587,10.8915785933,0.862452363779,7.31871822842
2000-03-01,2.72715960058,10.7964377763,-1.43026459088,7.67738266459
2000-03-02,2.56359471123,11.9618581337,-1.26997805179,7.13937446286
2000-03-03,1.61666185925,13.9624828919,-1.25487330851,5.77763325316
2000-03-04,4.42295236877,14.2886269303,-0.465291594735,6.6708470993
2000-03-05,3.89867699041,12.763974227,-0.924832400242,7.01139109767
2000-03-06,4.86082151637,11.4752876733,-1.0348347377,6.34213620303
2000-03-07,4.82885254084,12.1248047135,-2.05221204038,7.52214639171
2000-03-08,5.37765623082,12.5917582147,-0.532174827191,5.31996900842
2000-03-09,3.99974103462,11.9685661622,0.0173431839079,3.2299158472
2000-03-10,4.01815937607,14.3523024382,0.452998727855,3.64398296664
2000-03-11,3.89474826241,13.9138217023,0.275264726377,4.95915104461
2000-03-12,4.41898793071,12.9141062739,0.000552384528493,4.21943143185
2000-03-13,4.78038076619,11.6592692603,-0.382188064228,3.26412364554
2000-03-14,5.36369175204,11.2874304413,-0.0177920485691,3.22785091238
2000-03-15,4.22863026979,12.0230163981,-0.24906135613,3.16450664015
2000-03-16,3.92301545339,11.1660145794,-0.946271446102,2.61591010051
2000-03-17,4.81699218861,10.2597120738,-1.09398839075,2.3926531706
2000-03-18,4.91999210022,10.3537776269,-0.16169831344,2.63525500106
2000-03-19,2.65623516888,10.1412197,-1.26116491771,2.46962289226
2000-03-20,2.0630673149,8.70246628726,0.267247742225,1.50812242155
2000-03-21,0.267191513709,7.98897212384,-0.560982517268,2.74918856711
2000-03-22,0.812926151108,6.5362061161,-1.38370609763,4.17824325795
2000-03-23,1.44356381491,6.61872647149,0.0188208964631,4.83609054687
2000-03-24,2.16276544654,6.75765759705,1.33564244091,6.04577788828
2000-03-25,1.22440012322,5.75509156319,0.799125297108,7.92310524013
2000-03-26,1.84084985232,6.76599048733,0.62384826898,8.66355760249
2000-03-27,1.11379478335,6.7804576919,-1.04152219803,7.5284242491
2000-03-28,1.08436747981,5.32148347702,-0.82928514236,7.49889391235
2000-03-29,-0.404918083631,7.04815794789,0.563894246454,6.03149520167
2000-03-30,-1.87670327049,6.94060864711,-0.0426143492724,5.56120082994
2000-03-31,-2.09756584451,6.30194019314,-0.764298983648,5.14598417274
2000-04-01,-1.84688822374,6.43866953034,-0.302378472618,3.85371614662
2000-04-02,-1.0242000149,7.38934518022,-2.44834935398,4.86413437615
2000-04-03,-1.30066908543,6.67899057872,-1.59884188817,5.34549625764
2000-04-04,-2.90462873239,5.98248470468,-3.22240519187,6.45865729848
2000-04-05,-1.42735052109,6.69164398643,-2.58259785199,6.6279730103
2000-04-06,-0.0391319212266,8.06021519685,-1.16100655792,5.87371496466
2000-04-07,-0.749747036589,9.14464840798,-0.158288981895,6.60348340755
2000-04-08,-1.68411737956,10.0583883632,-1.27776451602,6.13086294864
2000-04-09,-1.88288240255,8.90156657704,0.468954338319,7.06895919924
2000-04-10,-3.93920803557,9.17683305049,-0.109269277704,6.77612715717
2000-04-11,-3.63434755718,8.18217108256,-0.8918825197,7.3161484546
2000-04-12,-4.6524016102,8.44032963554,-0.741872871148,7.18237319008
2000-04-13,-4.37762143458,7.02895308,-1.3649043275,8.76161851803
2000-04-14,-4.38712090441,7.56602055444,-2.01177612832,8.6901113472
2000-04-15,-5.33617849357,6.44075939047,-1.40401777042,8.62262376209
2000-04-16,-5.60053270338,6.1145361997,-2.47001898685,7.41358349089
2000-04-17,-5.58356035942,7.49275794696,-2.62715926844,7.51120568791
2000-04-18,-5.59717602565,6.91997658839,-2.49195124866,6.94297289475
2000-04-19,-4.75750552671,6.43289470086,-3.32708502016,6.04560550607
2000-04-20,-5.7132201901,4.91273023941,-4.24939443903,7.14129009353
2000-04-21,-3.07504151986,5.74641831298,-5.06218646019,7.08385725092
2000-04-22,-4.47612374,4.13321703724,-4.91966231409,6.46578281616
2000-04-23,-3.81227016774,4.52056071179,-6.44163072937,4.79683859557
2000-04-24,-3.43258528677,4.67073817782,-6.57349132712,4.18181538906
2000-04-25,-4.35578146941,6.74481440969,-5.48382018482,4.4315794642
2000-04-26,-4.63993316143,5.04598581719,-5.68871985974,3.89994938864
2000-04-27,-5.12737267854,4.00401907949,-5.52923627222,3.05953910847
2000-04-28,-4.25075997596,2.3201479396,-6.86966360726,3.21836221893
2000-04-29,-2.86993225326,3.21676991193,-5.56932402359,2.063210589
2000-04-30,-2.40267483112,3.53341884198,-6.31114169297,1.18274729752
2000-05-01,-1.38278046386,4.49754869403,-8.34772841271,0.439076393927
2000-05-02,-0.469141312079,4.85455985552,-8.03652981506,0.0232013380355
2000-05-03,0.363658961986,6.63279456176,-7.72069924303,2.20241030766
2000-05-04,0.366763493967,7.75755200897,-8.90470057009,2.95729901171
2000-05-05,0.32398081003,6.55979153878,-8.73120111096,3.05073565479
2000-05-06,0.759734017147,5.68520206032,-8.20603132501,3.53602275702
2000-05-07,-0.632471012996,6.01279061649,-8.09046318713,3.22436370031
2000-05-08,-1.53065695501,7.6667553178,-8.36269287078,5.71990997768
2000-05-09,-0.51421945981,6.80324901166,-9.81142516333,5.16065256045
2000-05-10,-0.510512744486,9.3325120794,-9.96249357974,5.44728167871
2000-05-11,-2.54529314746,8.40885113812,-12.2339422817,6.26163429261
2000-05-12,-2.11607707434,8.63703604896,-10.9248165658,5.32745761055
2000-05-13,-2.26553012507,9.50968115309,-11.5042794219,4.35409904642
2000-05-14,-1.24186322039,7.69091233111,-11.6769442495,5.34729218393
2000-05-15,0.875721805134,8.31489547232,-11.6344638621,3.20433399687
2000-05-16,1.0055614233,7.69773924216,-11.4037424333,2.15813468548
2000-05-17,1.50089467121,8.95432302003,-10.7561006127,0.341627336266
2000-05-18,1.81508411544,10.1994165694,-11.4393278918,-0.156433877497
2000-05-19,2.22313412053,9.80325060937,-10.3579541214,1.70581872225
2000-05-20,1.59389549163,9.88968511362,-10.5374450024,2.37998062878
2000-05-21,2.35225365538,8.26396247351,-7.50646333036,1.62911160215
2000-05-22,2.18075816516,7.39588325071,-5.88884314744,2.57419449201
2000-05-23,1.50385137716,6.14537283494,-6.2868683828,2.52377436381
2000-05-24,1.25014851852,6.28704243914,-4.76492070892,1.54128610887
2000-05-25,-0.426337290607,6.83962377126,-4.73089092565,-0.322080236076
2000-05-26,0.758854669441,6.80030703181,-6.18111168203,-3.57462965104
2000-05-27,1.60999881002,6.7004591157,-7.53272814356,-1.9372192258
2000-05-28,1.84962001407,7.22793448314,-8.50608695986,-0.462724008352
2000-05-29,2.14858996476,8.75541083932,-8.53692536821,-0.331475454033
2000-05-30,2.08509644021,8.62615004656,-9.56963088366,0.178248056155
2000-05-31,2.34104312579,8.24319533371,-8.97698381148,-0.810872541221
2000-06-01,3.56389633319,8.22402214214,-9.92523890911,-0.550597169183
2000-06-02,4.10805067702,9.25929206398,-10.027681134,-0.895340198397
2000-06-03,5.59118972287,8.01068894783,-11.6661734474,-0.602582430244
2000-06-04,4.17598044063,7.47042370466,-11.6668879282,0.394812975959
2000-06-05,4.73920152181,6.38639236757,-11.1142574815,0.671729176451
2000-06-06,5.6190895016,6.23662574052,-10.5861408586,-1.18717802904
2000-06-07,5.30735964903,6.47617741722,-10.871661148,-0.399807632644
2000-06-08,4.71070180652,7.4052738121,-12.9864494141,-1.26661777962
2000-06-09,4.62449132713,7.32674579551,-11.5153419126,-1.52360430042
2000-06-10,2.42973947618,7.82258152964,-11.5125468164,-1.00163422797
2000-06-11,2.8740609243,7.49503135239,-10.4911399159,-0.989780056068
2000-06-12,1.35649161467,6.67189547631,-9.81494345835,-1.37384618665
2000-06-13,0.436998004525,7.82407390493,-11.3285339799,-2.39284413965
2000-06-14,0.379987900662,8.41970551792,-11.7855266981,-3.42941062985
2000-06-15,0.395398555724,6.90835973885,-11.6980301598,-3.11044055979
2000-06-16,-0.0430953988391,8.16033942655,-11.3802554882,-3.14837743224
2000-06-17,2.33906248771,7.06031568949,-11.0129679707,-4.05566189781
2000-06-18,2.22015035961,7.06339992051,-11.3011216856,-3.62565521466
2000-06-19,1.4417322654,6.76594752292,-11.1963486511,-3.98713522021
2000-06-20,3.58927392511,7.4752976613,-11.7017186506,-4.41227580568
2000-06-21,3.20939553691,7.55310068831,-12.946665166,-3.20717889127
2000-06-22,3.18662251437,9.71758324894,-11.9528629381,-2.90120153657
2000-06-23,4.23949603383,10.8954207806,-10.9930235916,-2.87431571006
2000-06-24,5.27031841785,10.6340327371,-11.4038522182,-2.98227497007
2000-06-25,3.09189886376,10.80774937,-11.7758021753,-1.72263757459
2000-06-26,3.76874525711,11.566013057,-10.7032428162,-2.94782941841
2000-06-27,4.33345447488,11.269610051,-10.2720977047,-2.73061660954
2000-06-28,3.00899863026,9.63023073234,-11.5060964995,-3.10084886621
2000-06-29,2.85475978936,10.2672530099,-11.3039042047,-3.70842201259
2000-06-30,3.54762829603,8.24513738197,-11.5410241865,-2.8405105225
2000-07-01,4.49263341332,8.23830968746,-10.4764058292,-2.28513938662
2000-07-02,6.62756039285,9.31177969332,-10.5570259404,-2.36300527512
2000-07-03,6.1861088601,9.19100640986,-8.3423842138,-1.69178377048
2000-07-04,5.84962967469,10.1394265288,-8.39728337892,-1.13501401625
2000-07-05,6.26771188375,8.73926732197,-9.24613959903,-0.376708748437
2000-07-06,6.83237119631,8.81160253236,-10.6606631983,-0.766582900964
2000-07-07,7.30333911132,10.194826984,-10.2289975869,0.798796606951
2000-07-08,9.15257348882,10.9726590992,-10.7855492476,0.353863995258
2000-07-09,9.70445392946,10.5927719902,-11.2567566025,0.632475568668
2000-07-10,12.1607819243,11.1194758642,-11.5357974995,-0.872519718326
2000-07-11,12.26492484,11.4645799155,-11.5265347262,-2.61826244553
2000-07-12,12.996838347,12.1410205431,-11.9341485451,-2.76792507555
2000-07-13,13.6389808172,12.2394275979,-11.7095790048,-3.81367419424
2000-07-14,12.3672821861,11.2649191992,-11.8867372581,-2.97231911437
2000-07-15,11.6096558104,12.81522597,-12.7231413951,-4.08486289086
2000-07-16,12.8210660061,13.3180140873,-12.5280016592,-5.22965902765
2000-07-17,10.7812609707,14.6576639181,-10.9682575293,-4.79372618641
2000-07-18,10.8619981888,14.4363958749,-11.0078885305,-3.7104305796
2000-07-19,11.8820305244,14.2053932996,-12.7119412474,-2.66943205233
2000-07-20,11.8642895435,14.6520818016,-12.5163338683,-2.25556549211
2000-07-21,11.9776583907,14.4638477456,-12.5229455621,-0.821342130992
2000-07-22,11.2248602309,14.9194578725,-13.2441803042,-0.404087609772
2000-07-23,11.4853138031,16.3078203474,-12.8724885689,-2.51843541587
2000-07-24,11.7912575103,16.5982178371,-11.8625351276,-2.11024265431
2000-07-25,9.51606861876,16.3873217775,-10.0097571629,-2.42500585035
2000-07-26,9.31202387044,15.9305932144,-9.95886187516,-2.51135145824
2000-07-27,9.21180444409,15.988556174,-12.2519010349,-1.55766279742
2000-07-28,10.6937802012,16.0588906094,-13.6155687604,-0.00946394856563
2000-07-29,11.8791454453,17.1916190314,-15.7794120974,0.84011941076
2000-07-30,11.1062186757,16.6781820427,-16.866260283,2.46592955434
2000-07-31,10.2514231629,17.0341370533,-16.5155769387,1.48586441334
2000-08-01,9.06348026738,15.7936049687,-15.7395438985,0.935011347254
2000-08-02,10.1273084331,16.2034023415,-15.271177086,1.68298904403
2000-08-03,9.85184642062,17.0290168305,-15.4745103495,0.997557645139
2000-08-04,11.7166715127,17.4972461101,-14.6818801914,1.13757297383
2000-08-05,11.0823862043,16.6526344013,-12.3484843363,0.628855917996
2000-08-06,10.8037241462,15.7479578517,-12.7701655076,0.323131092955
2000-08-07,10.2249857745,14.6924203271,-13.9004096825,-1.11930821363
2000-08-08,10.1666876056,15.7040767388,-13.8424153657,-0.746634707502
2000-08-09,10.5593367345,14.6538162963,-12.3833028088,-0.186236634467
2000-08-10,9.85723251288,12.951072048,-12.3739653443,-0.933433626866
2000-08-11,9.89343007373,13.4545139237,-10.0557575091,-0.433852075477
2000-08-12,8.67813650388,14.6115160339,-8.74747153678,-2.40766208072
2000-08-13,8.87253520156,13.5930097158,-8.34857799532,-5.40883217913
2000-08-14,11.127181131,13.7033710059,-6.21515461037,-4.63110348659
2000-08-15,10.3527633398,13.5601919702,-7.21901072429,-6.60800849241
2000-08-16,11.1861854964,15.1287259462,-7.0313706062,-8.42341058596
2000-08-17,11.8853434102,15.6325687154,-6.75930669011,-8.81176542296
2000-08-18,11.4322736715,15.1035070805,-6.29666217874,-10.9996680472
2000-08-19,11.7526493136,14.9085197712,-8.83296860858,-10.6542467711
2000-08-20,11.46623811,14.1831440593,-10.2585728221,-10.793461846
2000-08-21,12.5025190989,14.6271873932,-10.8190290964,-11.9965214711
2000-08-22,13.4939922341,14.2157571771,-10.7554690637,-10.8997032966
2000-08-23,12.4837883063,15.1321886145,-12.2553096424,-11.8987525843
2000-08-24,10.9537546101,13.6905692323,-12.6956456706,-11.0049027047
2000-08-25,11.5001895247,14.5483582886,-13.2783102581,-10.8149932354
2000-08-26,10.3907541472,14.0778352957,-13.2252364182,-11.6654919606
2000-08-27,10.8490616645,13.9588545483,-12.8407761523,-11.8242614031
2000-08-28,13.4154743416,13.6277179691,-13.3901027964,-12.9400615056
2000-08-29,14.974207361,13.2053426584,-12.5790466351,-12.7260584302
2000-08-30,14.6215221294,12.8165451704,-12.6483365191,-12.6869886205
2000-08-31,14.6787247168,14.2232805134,-13.3956230906,-12.968203178
2000-09-01,16.1652215877,15.0704817606,-13.7997646146,-13.6952340551
2000-09-02,15.8131258437,16.1368482136,-14.9388758581,-11.4443361433
2000-09-03,16.9469748672,14.8302102093,-14.7764073961,-11.1994126652
2000-09-04,16.473061351,13.7819492584,-13.9689548211,-11.1251093949
2000-09-05,16.0861219523,15.066577706,-13.4874001532,-10.1558906243
2000-09-06,15.7444449425,14.4976492465,-13.2500397203,-9.74119713802
2000-09-07,15.6658030136,15.0259195846,-12.390707794,-9.3584673479
2000-09-08,14.2344406696,16.6998146915,-13.862642985,-10.0420458313
2000-09-09,13.7574934959,16.1231312135,-13.826530508,-10.1002837917
2000-09-10,13.9033790098,16.2138279283,-14.0200160139,-9.09748863068
2000-09-11,13.8598372278,15.7217442245,-13.1297422634,-8.58213157163
2000-09-12,13.5053318988,16.1281546575,-14.600338208,-8.16066044379
2000-09-13,11.5233051392,15.5639977543,-13.9094567195,-7.66317290952
2000-09-14,12.8766658643,16.4392065291,-12.3265578551,-7.21446620308
2000-09-15,11.6053187893,17.0882514614,-14.033547641,-5.91322572957
2000-09-16,13.3864917435,17.8968637836,-12.2449068775,-7.58039567415
2000-09-17,12.3516002995,19.1089594504,-13.4351621095,-5.88940468159
2000-09-18,9.57621906367,18.385561725,-12.4460339685,-6.29162260519
2000-09-19,8.64705307325,18.5511849656,-12.765080528,-5.09635015959
2000-09-20,8.13456967256,18.8234547714,-12.0724367274,-5.48398669376
2000-09-21,8.84733689679,19.5393927565,-10.7616750471,-5.00708827675
2000-09-22,9.82418278628,20.6236263177,-11.0406882212,-4.88126306163
2000-09-23,11.0429245446,20.4690358077,-11.925031889,-3.67704831386
2000-09-24,11.5245331533,20.0346385096,-12.7902366006,-4.86381754127
2000-09-25,11.8463676766,20.3135593871,-12.3088175068,-6.72646712229
2000-09-26,11.6815284997,20.2169261869,-12.1562064357,-6.34554391862
2000-09-27,10.8095831037,20.0443938425,-11.7165424647,-7.17176397153
2000-09-28,9.38857422629,18.9913289394,-13.8942144627,-6.95659637338
2000-09-29,8.52112919008,18.5737749496,-13.7794611408,-8.39285138447
2000-09-30,8.23839934097,19.2165492135,-13.5637681038,-8.73146547346
2000-10-01,7.19269337676,19.6970545112,-14.1165147948,-10.124573865
2000-10-02,4.97906888005,20.013853701,-15.5790748869,-9.89918727304
2000-10-03,5.28012088939,20.3134129669,-15.1900475094,-10.6293751276
2000-10-04,6.36032290251,17.9424953814,-14.8251633716,-11.2931219819
2000-10-05,5.57579816617,19.1278543202,-13.0709511696,-11.2479015189
2000-10-06,5.19454971947,18.7505075284,-12.4215329655,-10.5745459958
2000-10-07,6.57783419366,17.2303323542,-13.3467252776,-10.6053945254
2000-10-08,5.56913493415,15.6808733657,-13.3080785341,-11.5665659938
2000-10-09,6.61997974773,14.709348755,-13.7014259079,-10.8594636378
2000-10-10,7.39183491091,14.534479323,-12.7735280196,-12.4139902495
2000-10-11,6.76374773618,15.1089942503,-12.5266715689,-12.9358348436
2000-10-12,6.63237346706,15.1709192174,-13.1646968594,-12.7832539972
2000-10-13,6.6663481205,15.5828243746,-13.3755206583,-11.8249169157
2000-10-14,5.82423302378,14.0504988258,-14.052882783,-12.3294389267
2000-10-15,6.96492307048,12.7709978283,-14.173155848,-13.5961381042
2000-10-16,6.62102914766,13.8036525728,-13.7566719297,-14.3476473564
2000-10-17,6.71621541426,13.0792140361,-12.8000033462,-12.7347058106
2000-10-18,7.15372254917,13.0286347806,-13.2536568274,-13.7336001675
2000-10-19,6.3527220432,13.1171035651,-12.0703338422,-12.2553150123
2000-10-20,8.25538655305,14.2878553818,-10.6903808451,-11.3273414213
2000-10-21,9.2384634043,14.8756066585,-9.69008668483,-10.828613406
2000-10-22,9.04653532229,14.7166646089,-10.1979172246,-10.6039481852
2000-10-23,7.70901795479,13.7518144019,-8.77274507146,-10.8863798302
2000-10-24,7.78410350872,14.4583382257,-8.19841396733,-10.5682544724
2000-10-25,6.16584395933,13.6493567288,-8.7156355229,-11.7033636071
2000-10-26,5.79549880168,12.7589769623,-8.58373984282,-10.3155940063
2000-10-27,3.84070558295,11.8997897658,-8.63895669327,-9.47763249264
2000-10-28,3.53509095335,14.6650320533,-9.67888218697,-8.59447659653
2000-10-29,4.69800804825,15.7966890048,-10.621906941,-9.5976096247
2000-10-30,5.66110107335,15.3800121548,-10.7894709075,-8.98380946755
2000-10-31,6.38852822956,15.9280509146,-10.5935173452,-7.87825969161
2000-11-01,6.01539109663,15.5984208186,-9.82523379748,-6.87462740347
2000-11-02,4.92483673964,16.9374309228,-9.39803245918,-6.55390602559
2000-11-03,5.27701330276,16.2422941729,-10.7797611609,-5.60130023757
2000-11-04,5.76942485347,15.0761501976,-10.833519607,-6.09243653676
2000-11-05,5.53708682727,14.9201881883,-12.0576207216,-5.24743019976
2000-11-06,5.17451691147,14.2399933591,-12.7477434819,-5.31852621169
2000-11-07,5.55794260383,14.3904785173,-13.0970549682,-5.70285592817
2000-11-08,4.53781058046,13.9203706057,-12.5541408102,-6.00971899957
2000-11-09,4.41091461672,15.1154076435,-14.0920190707,-6.3993151932
2000-11-10,4.14523826588,14.2352673869,-13.4616284492,-7.38344469319
2000-11-11,3.27539008928,14.8616140987,-12.7048915014,-6.17062951783
2000-11-12,4.27657764636,14.8182864497,-12.710222632,-6.1741481271
2000-11-13,3.60195787771,16.158088822,-14.2185421071,-7.93349016103
2000-11-14,2.13155912506,16.6856636945,-14.3190518538,-5.7763357366
2000-11-15,0.819602270903,15.3212676871,-14.9723970596,-6.05967048272
2000-11-16,1.35412352196,13.5284363432,-14.3643257487,-6.25680346877
2000-11-17,2.49934509874,13.9400687188,-14.0223532047,-5.19260812089
2000-11-18,3.71836544709,13.8295854055,-13.914629597,-4.94509220865
2000-11-19,1.66567304827,14.324584527,-14.7107284915,-5.25590074937
2000-11-20,1.95835215831,13.8735513323,-13.3197156519,-5.83155898266
2000-11-21,2.69285483369,13.8705447907,-16.0667244597,-4.7537096932
2000-11-22,2.87638060683,10.2007368369,-16.7159644232,-5.96439193964
2000-11-23,2.86071498304,9.91452949389,-18.171595034,-4.51741485494
2000-11-24,2.09709502112,9.12574435558,-16.544889997,-6.06845724784
2000-11-25,3.41054750259,8.23776390746,-17.6613016951,-6.85148530501
2000-11-26,4.82879852932,9.41004058168,-18.2645433606,-6.70486259763
2000-11-27,5.47401379142,11.3357357192,-19.8981279187,-6.58098858685
2000-11-28,5.00662608404,11.697990798,-20.1850641619,-6.49616094454
2000-11-29,5.16265929347,11.5759132316,-19.3319867903,-6.76087431267
2000-11-30,5.59245105346,11.4282208915,-20.8811120421,-5.98753554156
2000-12-01,4.01901001204,12.5051554076,-22.3416901485,-6.84019296406
2000-12-02,5.24989755397,13.4229843005,-22.7455627862,-7.59793012446
2000-12-03,5.4701140208,13.2004675204,-22.3628909456,-8.66869219476
2000-12-04,4.04962605766,11.5681500725,-23.3543916844,-9.0074267061
2000-12-05,4.11856459874,10.0551524041,-22.3444064938,-8.69394742915
2000-12-06,4.60177184879,10.0361907075,-23.9394475611,-9.41531453295
2000-12-07,5.7020574813,11.4528847369,-23.2260860991,-10.2837700799
2000-12-08,5.25862854331,11.6054202964,-22.017472952,-11.0044767991
2000-12-09,5.14537208486,14.0984864277,-21.4135270933,-11.5453864312
2000-12-10,6.31253456711,13.8837360843,-20.4665442936,-10.4687710008
2000-12-11,6.57519539151,14.1961428012,-20.446088015,-8.85199447957
2000-12-12,7.73086258639,13.0108912777,-19.0826948037,-9.5351143118
2000-12-13,8.46245598043,12.6508663054,-20.5294070182,-12.1526975337
2000-12-14,9.41746702981,13.0359559746,-19.9387854469,-10.3207788855
2000-12-15,8.20149954,12.8592873556,-18.7829865147,-9.38064659702
2000-12-16,7.20634522329,15.3821127256,-18.7270925517,-8.80097497913
2000-12-17,7.04402007337,15.1280922188,-17.5300333572,-9.60373885814
2000-12-18,9.10870291136,14.712382243,-16.5568569002,-8.98566789905
2000-12-19,10.0905705316,15.0621341172,-17.5751602111,-9.92354837732
2000-12-20,9.25015541834,13.2578325562,-15.9658716321,-8.89194670973
2000-12-21,11.8293543726,13.2097786593,-17.6549798496,-9.68180975886
2000-12-22,13.4482640272,12.4269977474,-16.3702587716,-9.62313832442
2000-12-23,14.264226414,11.6879382824,-15.1227275171,-10.0971207448
2000-12-24,15.7033813342,11.2245124588,-15.0596439901,-8.95451932025
2000-12-25,14.0797361483,12.7367037423,-14.9112849343,-6.31378411211
2000-12-26,13.520946822,12.1288957499,-16.6618958443,-5.2123149327
2000-12-27,13.4046692265,11.2923426324,-16.5932249803,-5.87769386485
2000-12-28,14.3365173962,11.3057043872,-16.4740151489,-4.28239367578
2000-12-29,13.3294329209,10.2618564351,-18.2175331793,-3.56033918211
2000-12-30,13.2593509802,8.92383372762,-16.2627136801,-3.84350705167
2000-12-31,14.6962550331,8.43233575667,-13.9573644724,-2.50106971176
2001-01-01,13.5294756232,7.55804805245,-14.694590775,-3.1766159342
2001-01-02,14.2623696405,6.49578833696,-14.673280864,-3.66735185818
2001-01-03,14.9275659837,5.32827372782,-12.3383126196,-4.4082782958
2001-01-04,15.1685107033,4.6839030021,-13.5212466063,-3.80103815808
2001-01-05,15.7268680001,4.9632495252,-14.4174119553,-4.80336732948
2001-01-06,16.8605317567,4.49477250636,-13.4063330255,-7.05838190702
2001-01-07,16.3091619024,4.56520873568,-11.9760006004,-5.94629914543
2001-01-08,16.4004357068,2.79095398039,-11.9512079918,-7.72356792288
2001-01-09,17.1553171412,1.73329934994,-11.961135649,-8.16386812653
2001-01-10,19.095829733,2.05602045779,-11.8986361111,-9.48560655678
2001-01-11,20.0029908838,2.09838137575,-11.7495072173,-12.1617922879
2001-01-12,20.78142092,2.23831475499,-11.5668843863,-10.6875094479
2001-01-13,21.4959143161,2.13183051096,-12.2212552247,-10.7653948614
2001-01-14,22.3833756223,2.65674654397,-10.8601306525,-11.3730686834
2001-01-15,21.9768481626,2.84627058612,-11.4968770517,-11.2778338243
2001-01-16,21.8938844467,3.35242674427,-9.81508869923,-13.5933399697
2001-01-17,22.2118605957,2.86431611539,-6.86670041797,-16.1028736266
2001-01-18,23.7297367574,2.63770887305,-6.92986894429,-16.4816714734
2001-01-19,25.901261497,4.10929304458,-6.82943437618,-17.8925593371
2001-01-20,25.6954750502,4.62403637364,-8.4217437743,-17.7657186592
2001-01-21,24.9538207132,5.45585393834,-10.6347899665,-17.4919125099
2001-01-22,25.5658516474,5.10911429399,-10.1579577366,-18.5132551257
2001-01-23,26.7143020817,3.49762244982,-9.82538657008,-16.5353255835
2001-01-24,26.851248001,3.8483304604,-10.9453655539,-15.8138498996
2001-01-25,26.0454367294,4.08144095199,-11.3740518287,-14.7290099848
2001-01-26,26.6733507287,3.15061442452,-10.1997441485,-13.9360479034
2001-01-27,27.0289963556,2.85982590504,-10.7867523291,-13.1810860664
2001-01-28,25.4416482352,4.14705343775,-10.1759703489,-13.6816373016
2001-01-29,26.1461451682,3.324628757,-9.87697073278,-14.2815077229
2001-01-30,25.6044750043,3.23630658429,-8.88350263555,-13.1973545702
2001-01-31,26.2336242499,2.46526695562,-7.46888468596,-13.0087917298
2001-02-01,26.6462004331,1.9396262519,-8.39262466697,-14.4909000763
2001-02-02,25.6203834162,2.29337678969,-9.01868547994,-16.0541304198
2001-02-03,25.5385844014,1.4910737499,-8.46237077399,-16.659803748
2001-02-04,24.9764161152,1.44999526911,-7.32761385756,-16.4154911232
2001-02-05,24.176326791,1.2310106377,-7.8875154623,-15.6588656812
2001-02-06,24.0109272162,1.86257103235,-7.04917328894,-16.6534620584
2001-02-07,24.2819084549,3.09455581822,-5.03440170067,-18.6460844784
2001-02-08,25.004124311,4.84715468261,-4.25698241707,-18.2269466353
2001-02-09,25.5222178898,5.5316507793,-5.21131716201,-19.3234251042
2001-02-10,25.0507166921,6.48406028904,-5.7128093611,-18.6265817244
2001-02-11,26.9123242676,6.66255029777,-6.17603360443,-17.7879377124
2001-02-12,27.7193644417,5.47956847702,-5.19143172237,-19.0007260286
2001-02-13,29.2232793895,6.76245104261,-5.44801417803,-17.3556271321
2001-02-14,30.0190091137,7.53954741598,-6.49615103391,-17.7346801341
2001-02-15,31.6934211919,7.49079920976,-7.48556947213,-19.7093097838
2001-02-16,31.9641554416,7.96380980115,-6.49839246223,-19.8955503218
2001-02-17,31.9991031185,6.8150806605,-7.29089478561,-20.9330773959
2001-02-18,31.9997211679,4.96387785955,-7.84938369453,-20.6963700006
2001-02-19,30.1261827025,6.48933116632,-6.44572698101,-20.8132489002
2001-02-20,29.7712968726,5.25347783017,-6.79763541451,-18.5516955085
2001-02-21,30.379281309,3.95907662294,-5.18022458774,-19.0293672072
2001-02-22,31.023609136,3.83241233036,-5.8613484301,-17.7015078253
2001-02-23,30.5441332475,2.63309247207,-6.1701458077,-18.5717336037
2001-02-24,29.5081296029,2.10272128921,-6.62630952985,-19.9027235288
2001-02-25,29.620892492,2.11866115985,-7.1429080121,-20.277682959
2001-02-26,28.9384214243,1.02999488179,-5.57895008764,-19.3339934601
2001-02-27,30.6909354261,1.93600901884,-6.35642504775,-19.1457870248
2001-02-28,32.1766676505,2.35840262351,-7.73933563624,-17.9622898016
2001-03-01,31.6442887158,2.09025520875,-7.76937567268,-18.0485614588
2001-03-02,31.0500738805,1.15156659084,-5.62231295305,-16.5534654636
2001-03-03,32.7912177412,0.235755559515,-6.23015043217,-17.1868666579
2001-03-04,33.5134006326,1.21842274771,-5.13445668729,-17.2648441242
2001-03-05,33.0912064658,0.792782039103,-6.5704679644,-17.0823012793
2001-03-06,33.0107766124,0.521211182727,-6.10261789421,-16.9497557226
2001-03-07,31.926612887,-1.02010178867,-6.04282196052,-17.2119242178
2001-03-08,30.1791441988,-1.5652230895,-4.92829303004,-18.1822106885
2001-03-09,29.2190989571,0.214029072134,-5.5173346625,-16.7353683661
2001-03-10,30.2278916729,-1.18618200762,-4.65391603061,-16.2283229458
2001-03-11,31.3838684272,-0.565330854081,-4.78205979179,-15.6806521993
2001-03-12,32.2047186429,-1.81268118296,-5.51613116844,-15.7732437691
2001-03-13,31.2255827684,-1.75841112175,-6.97264875343,-14.1756412361
2001-03-14,30.0715713511,-0.914119798517,-6.45439474402,-15.0219967097
2001-03-15,29.5461099885,-0.241648412496,-5.49339791296,-15.4844980395
2001-03-16,28.3112725045,0.524247016385,-4.72829687356,-15.5287011206
2001-03-17,27.7348995859,-1.23559769399,-5.71432684638,-15.8060169131
2001-03-18,28.0209015041,-0.763397624068,-5.78354030005,-15.7077292607
2001-03-19,27.8936057052,-1.1395513776,-5.08223916298,-15.9495963787
2001-03-20,29.5667040218,-1.46058769382,-5.84028237055,-16.6514339648
2001-03-21,31.0417831647,-0.986753149227,-4.51284663523,-16.9182545092
2001-03-22,31.9474972207,-2.32319500774,-3.83789606023,-17.4510371551
2001-03-23,31.8598372591,-1.74270880516,-3.80129498916,-16.6371008523
2001-03-24,32.845165325,-1.78952244707,-4.43773218617,-17.0646908095
2001-03-25,33.5537632113,-0.344398818209,-5.31659062247,-18.0514801481
2001-03-26,34.1161431953,-0.0254984738254,-5.5674639983,-18.7496593521
2001-03-27,33.5281118559,-0.00494932408913,-5.59682085819,-19.1785872374
2001-03-28,34.0136090378,0.099939764526,-5.66971292607,-20.1077774176
2001-03-29,32.4897636479,0.154818306563,-5.70559059911,-22.4448747577
2001-03-30,31.4491528278,0.268507806764,-8.02882766149,-21.7464707203
2001-03-31,32.6727633576,0.107975518025,-9.78088363375,-23.4910413409
2001-04-01,31.6050043273,-0.27690069726,-10.0101876244,-24.5406871044
2001-04-02,33.6867161688,-1.00449162161,-8.67198811638,-25.7576308823
2001-04-03,32.9054984992,-0.66312794049,-9.1849274154,-26.4526690144
2001-04-04,32.7903936491,-0.959161798429,-7.87571101754,-24.8147749491
2001-04-05,32.7873467749,-1.18418797676,-6.02048331096,-25.3884786376
2001-04-06,32.6999766446,-1.63153825677,-6.81125422022,-24.5345000285
2001-04-07,33.3731900901,-1.8718128626,-6.87913294615,-25.376656634
2001-04-08,30.9289957109,-1.47702292773,-5.92532401699,-25.3524672911
2001-04-09,31.0318214917,-2.17854348844,-6.15396850589,-24.7812918109
2001-04-10,29.6440122979,-2.15712432072,-5.79796602234,-24.5990005634
2001-04-11,28.2079314526,-2.36902229011,-5.75327587136,-26.673716845
2001-04-12,28.414609753,-2.49507025125,-5.03444950694,-27.0848006435
2001-04-13,28.6411201336,-3.48902203065,-5.8261671181,-26.1173293157
2001-04-14,28.514018519,-5.4639107861,-6.46175919045,-26.5239404406
2001-04-15,27.3070795617,-6.34543853084,-6.42475718665,-26.9779249478
2001-04-16,27.0693410763,-7.02312751251,-5.5544299137,-25.5842278537
2001-04-17,27.0022057087,-7.39870074727,-5.37154948203,-24.43544072
2001-04-18,27.0534315088,-8.51209957263,-5.49504860306,-23.2790482071
2001-04-19,25.9039484619,-9.31810388049,-6.12535594866,-22.388261919
2001-04-20,26.3530238611,-8.25016975111,-4.0274583948,-22.093577619
2001-04-21,26.6169997644,-6.79386048156,-3.99278836087,-21.6156985302
2001-04-22,28.1548514005,-6.20215910126,-2.08869121111,-21.8292859265
2001-04-23,27.9862716864,-5.29083201722,-1.56133905135,-20.7975524688
2001-04-24,27.7409479573,-3.45890538454,-1.76544454633,-22.1455924185
2001-04-25,26.3537729459,-4.74964876622,-2.19907833708,-23.1986968976
2001-04-26,25.2768521929,-4.00166013085,-1.8490255937,-22.8058540331
2001-04-27,25.6679362343,-3.55984367853,-1.89215742803,-22.7875315785
2001-04-28,24.5723786795,-2.36121793294,-3.54066327775,-23.0431114427
2001-04-29,23.8566683325,-1.50888522876,-3.25838865035,-24.8629086314
2001-04-30,24.2028912742,-2.31442617019,-4.06007125274,-24.9551126423
2001-05-01,25.3112194314,-1.63143213108,-3.98654549366,-25.1315665841
2001-05-02,24.3915559885,-0.301518415303,-3.21295290264,-25.8216532283
2001-05-03,23.3988798284,1.35225633711,-2.83315735847,-26.1317332302
2001-05-04,23.0090602588,0.694185811482,-2.46117477761,-26.1636536079
2001-05-05,21.9971496577,2.3182233052,-0.718905977211,-27.0159541366
2001-05-06,22.3747201621,2.38762031497,-1.80835975361,-26.7204389968
2001-05-07,20.4090524395,2.65628462106,0.587105107736,-25.4197987947
2001-05-08,19.6518581473,2.86601520881,-0.610350731035,-25.8651304568
2001-05-09,19.0936767461,3.93140452755,-3.19289472056,-27.209026202
2001-05-10,17.6263553584,3.55629816942,-2.67983884414,-26.8599522035
2001-05-11,15.8457452639,3.30930506648,-2.84699719324,-24.8514386522
2001-05-12,16.9288414043,3.88974329866,-2.86103093079,-25.86094473
2001-05-13,14.7836924589,4.0985748622,-4.37885979916,-27.3777399595
2001-05-14,13.4454034664,4.52706227293,-6.28915279276,-27.5482201529
2001-05-15,14.0571030105,5.18743243882,-6.09068399836,-27.7581480208
2001-05-16,14.2671505642,5.56439707787,-6.59934892909,-27.5091884409
2001-05-17,14.5061498489,5.83113295831,-6.568692671,-26.0016085543
2001-05-18,15.6828714311,5.98520068523,-4.83868968855,-25.0859789341
2001-05-19,15.07553157,5.00970576075,-4.69834596991,-24.3666298264
2001-05-20,15.891821267,5.39022405734,-2.81504064235,-26.1689261731
2001-05-21,15.0072262069,6.21194569485,-4.02835060037,-26.3588712519
2001-05-22,14.3463114361,4.12353608676,-4.57434691232,-25.9525885928
2001-05-23,14.0832016555,2.5979873162,-5.23478591698,-24.3299825288
2001-05-24,14.3817050308,1.52135495522,-4.8741281785,-25.0094304212
2001-05-25,15.1495387187,0.450795478526,-4.069487398,-25.2883936701
2001-05-26,15.6987330453,1.01870195161,-4.3426411827,-24.1108588496
2001-05-27,15.8677693911,2.10662740796,-4.07038779591,-23.1062033557
2001-05-28,15.495197834,1.18848756319,-2.98851988545,-22.1465124
2001-05-29,15.5318205261,0.588025353814,-2.72706772962,-24.9530213588
2001-05-30,16.0144922714,0.734744132659,-3.67933484859,-25.5626585155
2001-05-31,16.8092957534,0.220345116859,-4.77799037458,-27.7332497714
2001-06-01,17.1033582515,0.568431078393,-4.70685609157,-26.7046689244
2001-06-02,18.9099517736,-1.24020123388,-5.28328765323,-25.6821889039
2001-06-03,18.8694818852,-1.97359930379,-4.16954095406,-26.0745119856
2001-06-04,18.1473404596,-3.57492717426,-3.56460160581,-25.0816242205
2001-06-05,17.096624059,-2.77613881315,-3.83624629509,-26.19385252
2001-06-06,18.2062794513,-2.9574093119,-5.16878465255,-25.8856032794
2001-06-07,17.9695253246,-3.79756040283,-4.97994691685,-26.7184038056
2001-06-08,18.8916194275,-3.76038553748,-4.95735170545,-27.8406472044
2001-06-09,19.3061059074,-3.90545092523,-3.17511152257,-29.8250545463
2001-06-10,18.8143055455,-2.24951534139,-1.62457650208,-29.5853122102
2001-06-11,20.0587237913,-2.55697086315,-2.99444570259,-29.7243443005
2001-06-12,19.1694357056,-3.56646028578,-4.64565815228,-30.9672728211
2001-06-13,20.4664911684,-4.53500795931,-2.50818491173,-32.8859696761
2001-06-14,18.1745282037,-3.97008249959,-0.908564672068,-31.2996416416
2001-06-15,16.450188947,-2.83271127897,-0.750913001247,-30.8560395905
2001-06-16,15.8684664923,-1.14861733635,-1.51367158067,-32.2876778523
2001-06-17,17.1491846592,-0.312608826274,-1.04816829439,-32.2622622496
2001-06-18,17.493016859,0.377025019337,-0.104605019305,-33.4983564436
2001-06-19,18.0956250491,0.409609953303,1.29140189921,-35.2446523247
2001-06-20,18.885069786,2.42510146228,0.604145738664,-35.4009273474
2001-06-21,17.8073867142,3.42381858233,1.31669571036,-34.0286448183
2001-06-22,17.6753832148,3.91652547473,2.85804159247,-34.6273509284
2001-06-23,17.2352622682,3.05178738637,3.95254806206,-35.5663345399
2001-06-24,18.4977831314,2.6904999036,4.30411122478,-35.8686836016
2001-06-25,20.9457864877,1.35468425184,4.61336655757,-35.989198697
2001-06-26,21.8987331986,3.74480838863,4.08902310007,-37.0591332811
2001-06-27,22.5557570074,2.33023348793,2.32237923324,-37.3939580206
2001-06-28,21.512384158,3.5070698302,2.08652482963,-38.539894594
2001-06-29,20.4019067769,4.86009759221,0.74825459688,-39.4409687846
2001-06-30,19.494403184,6.36881207832,0.834030074013,-38.5406549707
2001-07-01,18.8846485058,6.13206517298,1.3357794534,-37.7085546072
2001-07-02,18.3825334346,5.33510090656,3.05035557645,-37.8976445082
2001-07-03,18.8108756756,4.41451266484,2.70583829306,-38.9965018463
2001-07-04,19.7847089283,6.24505803808,2.93427292283,-39.0878541199
2001-07-05,19.4288353302,5.99480624394,2.18114595817,-38.5774214979
2001-07-06,19.4192957104,5.66315783391,2.39078408014,-39.9406857755
2001-07-07,20.1140236927,5.102718144,3.36653225457,-42.6967652896
2001-07-08,20.5503836612,5.65118070839,3.77457130453,-43.5645214056
2001-07-09,21.4819447487,6.7403156025,3.08396194683,-43.450525862
2001-07-10,22.1294220369,7.30453160935,3.02029605526,-44.2497022129
2001-07-11,22.064686139,7.35109104174,2.34741953702,-43.5262298006
2001-07-12,22.4480422217,8.05423876897,3.2248353283,-44.1649134758
2001-07-13,21.9358313826,8.51432335244,3.59248826059,-44.4761055346
2001-07-14,22.5855404884,9.40559502554,2.36209784093,-44.4167552391
2001-07-15,21.9239058663,8.56831437824,0.910525467704,-44.3325400148
2001-07-16,21.6100595553,6.7791316602,2.33984279455,-45.6336999001
2001-07-17,20.4941131804,7.00741156988,1.69626667316,-48.4875403665
2001-07-18,19.7073262986,6.58259694108,2.34018022399,-48.3958727068
2001-07-19,18.2725295009,6.5426940784,2.0953506177,-48.3471038823
2001-07-20,18.0783363671,8.08034891079,1.96607268849,-48.1772720596
2001-07-21,18.0560410923,9.27143608764,0.499887212421,-48.4262922229
2001-07-22,18.4455716432,9.85545215017,1.27437223641,-48.8695602212
2001-07-23,16.1942055622,9.00820035383,0.593972453051,-48.2013732613
2001-07-24,17.0223462384,9.25157690035,1.59046696211,-45.4447314426
2001-07-25,16.8523633496,9.35371920994,2.93590755704,-46.0479779525
2001-07-26,18.5554099027,8.05779992272,3.84150831061,-44.6357943741
2001-07-27,15.5483509907,6.58692589463,4.32015142296,-45.1125281857
2001-07-28,14.722870415,6.66127646602,3.29924915881,-47.0094022999
2001-07-29,16.132068196,6.54200359352,4.13226328414,-48.1605899205
2001-07-30,16.0678777367,4.26800285915,3.63328287599,-47.8113030363
2001-07-31,16.5874209293,4.13885942601,3.6498053369,-48.5414854361
2001-08-01,15.844173927,4.58332884384,4.3235927571,-48.6746145869
2001-08-02,16.1011937861,3.84632372596,3.94371681662,-49.0436233766
2001-08-03,17.6505375475,3.92767624503,2.65635992676,-49.3030137675
2001-08-04,17.1443572192,5.56022119773,4.30040101798,-51.1198931302
2001-08-05,18.4717867306,4.81932968065,4.30309327681,-49.4045218948
2001-08-06,20.7032398795,5.47300764068,2.44466417421,-50.4143619806
2001-08-07,20.2683401824,6.83946638804,1.84319035774,-51.2385594224
2001-08-08,21.6059785632,6.52596287054,2.44740819818,-51.8947964271
2001-08-09,21.4853995763,5.58589427707,4.48349767905,-51.665508455
2001-08-10,22.5236691172,5.54588519143,4.59089134604,-53.8156758948
2001-08-11,22.7568997715,6.6557668922,4.59917624682,-54.6542738303
2001-08-12,24.1735202507,6.37335945985,5.83566822358,-56.2568315414
2001-08-13,23.9994522682,6.36411920899,8.60445826806,-58.0349833593
2001-08-14,24.8716253252,6.1150820558,8.10898748377,-56.2337088682
2001-08-15,23.7368867777,7.75814450709,9.09439139771,-56.9271331837
2001-08-16,23.3189142681,9.47852305507,7.59048641305,-56.9885077728
2001-08-17,23.5069930346,10.2295353442,7.47237867504,-58.2509236062
2001-08-18,23.4613967062,9.8601408572,6.7039693348,-56.4579083229
2001-08-19,25.6891915135,8.84573035216,4.04633473277,-55.4172131837
2001-08-20,26.1039210538,8.1454583615,3.66885948353,-56.0750757
2001-08-21,26.3169822028,6.82657024316,2.82288375921,-56.3379360155
2001-08-22,26.360824682,7.59055883496,4.3320724245,-56.2313341109
2001-08-23,25.5049706599,10.6865503462,4.79312162921,-54.9349028338
2001-08-24,26.1193239369,13.3172837406,6.2382375573,-52.7714994239
2001-08-25,24.9840653873,14.5671048147,5.93024362235,-51.6994791634
2001-08-26,24.077128562,14.1346784364,6.87600606203,-51.0683455898
2001-08-27,24.7206186663,14.1354790349,6.18418414795,-48.5630899812
2001-08-28,26.1102163062,13.8005924191,6.31775760674,-47.7264722412
2001-08-29,27.4058352623,13.4171095954,5.85760662019,-47.3844557249
2001-08-30,27.3793009722,11.5032428898,5.47646776823,-47.6612722077
2001-08-31,27.0679683968,12.1762771946,5.58022335469,-48.8728814113
2001-09-01,25.6265796835,10.7758657136,6.34097971411,-48.9670933798
2001-09-02,26.3349626543,11.9178667032,4.62339545167,-47.8141765174
2001-09-03,26.8188120462,10.0950029123,4.61908807278,-49.0310893431
2001-09-04,26.3880452511,8.72920457222,4.05743514794,-50.9528965382
2001-09-05,25.646875185,7.35323134667,3.63218155643,-52.0612544902
2001-09-06,24.8769009062,6.83181536007,3.19533289806,-52.4624038283
2001-09-07,24.1847642246,7.86966884177,2.36432541466,-52.6978356665
2001-09-08,23.5548215325,8.12315919651,2.14739911801,-52.3857442812
2001-09-09,25.2975551602,7.9399807681,2.71200848136,-52.8320819208
2001-09-10,23.7313476496,6.89826929332,1.44899351599,-52.7418862913
2001-09-11,23.8859292171,7.40918942777,0.267451182318,-52.6547757795
2001-09-12,24.497681029,6.76634969009,-2.12620034835,-51.2214297911
2001-09-13,24.3586130162,5.13652708394,-1.67883018407,-49.5463563379
2001-09-14,24.5715334897,5.14603223299,-2.16786411836,-49.7674717136
2001-09-15,23.0684312447,6.9028260786,-3.51342047133,-49.3543050499
2001-09-16,22.8688857065,6.18382114902,-1.80625273123,-47.717482033
2001-09-17,22.9435431916,4.84988874305,-3.39469949624,-47.9211906863
2001-09-18,22.1999573192,4.8174816865,-5.21127753597,-48.647290258
2001-09-19,22.1967679699,6.40900574435,-5.0016472239,-50.8786947506
2001-09-20,22.123108243,8.38995029052,-6.74868359875,-51.4064251566
2001-09-21,22.5810226415,8.50032103146,-8.4017586289,-50.1847821278
2001-09-22,22.4372195328,9.74671296836,-7.44521250732,-49.061200726
2001-09-23,19.7937002536,9.69585513824,-8.19845130378,-48.2853888425
2001-09-24,20.9564612028,8.95607274433,-8.10028267312,-46.6044921473
2001-09-25,20.4666096002,7.75826239956,-7.82059001711,-45.2733417673
2001-09-26,20.7739885717,7.77532096715,-7.49422599898,-45.6148922085
2001-09-27,21.4147254945,8.41785651117,-6.16241773866,-43.5917277384
2001-09-28,21.1173953278,9.84728270966,-5.82161616883,-44.5619542707
2001-09-29,20.842309804,9.35234462717,-5.03799906143,-44.7648176424
2001-09-30,20.3286407119,7.21586904316,-5.51600845937,-46.1325833928
2001-10-01,20.50789724,6.81204280065,-7.07186334645,-46.4672363222
2001-10-02,20.0733683992,7.38552678171,-6.68878747377,-45.9785552888
2001-10-03,19.9222322805,9.71931290882,-6.99075476947,-46.8342190642
2001-10-04,19.5443683891,10.5399702923,-4.04495911784,-45.8827799718
2001-10-05,20.5667725968,10.4176766084,-4.6166475684,-46.1035602708
2001-10-06,21.5997332129,8.2815471276,-5.03151930582,-45.2809319404
2001-10-07,22.5068469501,6.96668741192,-5.28392060319,-44.3937078069
2001-10-08,22.9856984063,7.92804744993,-5.65240962211,-44.6503215112
2001-10-09,23.9278415674,7.24179163976,-5.01792441603,-45.1631490535
2001-10-10,25.382894725,6.42373705173,-4.47176124721,-45.2446831769
2001-10-11,24.7755533647,6.11482415209,-3.80028679682,-45.8324472102
2001-10-12,24.9559421175,7.51826255029,-3.54277057852,-46.8943346146
2001-10-13,26.2587817337,8.01410567627,-3.09705126265,-44.387746013
2001-10-14,28.0241610364,6.67285461348,-3.54201662157,-44.9448245078
2001-10-15,26.683114862,5.48467280487,-3.61145620155,-44.8375336802
2001-10-16,25.3528058908,5.47202202231,-3.52212502876,-44.7174074823
2001-10-17,27.6491555509,5.7150328934,-1.71773849358,-43.8899116872
2001-10-18,26.331789886,7.08264562117,-1.7620856988,-43.5152457331
2001-10-19,25.9229069624,6.33997314729,-2.99964946308,-42.9905950675
2001-10-20,27.3006412249,6.49696458925,-1.68320931984,-43.5108146258
2001-10-21,26.2678247263,6.83001046067,-0.667575439251,-43.7853700763
2001-10-22,26.9632086282,7.23155455874,-0.842948446541,-44.3421778618
2001-10-23,25.1548265837,6.36350902033,-2.14201659625,-45.1080987678
2001-10-24,25.641805277,4.3832819594,-2.23593572933,-46.3181580327
2001-10-25,24.9976021186,4.19098932338,-2.19919760944,-44.6056294338
2001-10-26,26.4663322291,4.79109269704,-2.42969281856,-44.2552777345
2001-10-27,26.3671549905,3.19808133414,-3.37368198245,-44.1554534566
2001-10-28,26.8929793207,3.32804626117,-2.55994868792,-44.8608554996
2001-10-29,27.2258404915,3.37254914235,-2.92900885315,-45.4144356996
2001-10-30,27.1255635823,4.20616071043,-2.37601378529,-46.4757413021
2001-10-31,25.2510323881,5.37363671309,-2.02615067519,-46.7734327715
2001-11-01,26.1164989763,6.59999121541,-1.16191977165,-45.789852122
2001-11-02,25.8677549015,4.78306375868,-1.705263954,-45.6471881453
2001-11-03,25.2852465636,5.49777537526,-3.39849580907,-46.512553163
2001-11-04,26.529647145,6.09027308549,-4.9470450128,-47.2049743839
2001-11-05,24.9833680724,5.89222013401,-5.71569051101,-46.1077878111
2001-11-06,23.2968594676,6.11482749618,-5.9012856308,-44.2079737438
2001-11-07,22.9628815181,5.82132968924,-5.46874549383,-45.1481742906
2001-11-08,22.5202991774,6.09693226228,-4.23735703199,-46.4034178936
2001-11-09,22.3493746446,6.18096463833,-4.71360295715,-44.9292906095
2001-11-10,22.153886188,6.71626521532,-5.15419649655,-44.816964915
2001-11-11,22.1349896363,7.056317376,-4.36590415963,-45.6847595068
2001-11-12,23.0055869676,5.38917772222,-4.69610722525,-45.4076745277
2001-11-13,25.122874926,4.36573265592,-4.5982948415,-44.4800142083
2001-11-14,26.5015966764,5.07593428134,-3.20920099688,-44.2124265983
2001-11-15,25.9745022108,5.97490778456,-2.58589703247,-45.3250361253
2001-11-16,25.4824721226,5.94095255027,-2.81767298313,-44.7915529718
2001-11-17,25.707042246,5.7671763802,-2.90322442181,-43.7937318957
2001-11-18,26.1163327102,7.08194526839,-4.16405499581,-44.3200935892
2001-11-19,26.1394294575,7.30493874783,-3.67169539236,-45.9289611929
2001-11-20,25.2787879012,7.51732660255,-3.79459501154,-46.0410145672
2001-11-21,26.5111056938,6.36113215343,-4.0037632332,-46.603958231
2001-11-22,27.0862794316,5.22014507142,-2.89591969338,-47.4794142646
2001-11-23,27.7732618607,4.52149616814,-3.59905332863,-48.060477711
2001-11-24,26.4102506347,4.5246353065,-3.4638022481,-48.3147383197
2001-11-25,26.3410386389,6.17192417583,-4.15541073672,-48.1941872621
2001-11-26,28.412170305,5.28871897351,-4.55756578037,-48.8199489567
2001-11-27,28.2553100391,4.04253537463,-3.66039771221,-48.8346397736
2001-11-28,28.725895029,4.03855135159,-4.67461766838,-49.0127867278
2001-11-29,29.2309266315,4.82099474137,-5.74261101294,-47.3814516018
2001-11-30,29.0646182381,4.5734841899,-4.35078555771,-47.7475887112
2001-12-01,29.0542787272,4.76489826124,-5.00481008118,-44.969940206
2001-12-02,28.2885439564,6.28871344391,-6.29972667556,-44.4510623886
2001-12-03,29.0224610287,5.69356021146,-5.54399378812,-43.6806711693
2001-12-04,28.8977568051,3.58229360372,-5.29844915275,-43.046001729
2001-12-05,28.4638346159,4.58650585734,-4.85222467027,-44.4012019874
2001-12-06,28.9458278807,2.84201565617,-2.50764741387,-43.5259783565
2001-12-07,29.4076922254,2.93341502076,-2.86636267984,-42.9112592851
2001-12-08,28.4723736161,1.50465166298,-3.52390001425,-42.281149443
2001-12-09,28.2372424824,0.518640117666,-1.4270011435,-42.703686251
2001-12-10,28.5124678414,1.6295559384,0.650742758434,-43.1759026038
2001-12-11,26.7533875999,0.45346159791,-0.115371191731,-42.2771288572
2001-12-12,26.8790390959,0.398196956824,-1.79138478805,-42.1011356596
2001-12-13,27.8355126241,1.73650889216,-2.55622626569,-40.2436647383
2001-12-14,28.0906993799,1.23780340031,-3.15579357346,-41.606287366
2001-12-15,29.3553352723,1.74274832563,-3.66370347833,-43.3862061927
2001-12-16,30.0595476995,1.45341491936,-3.52150419151,-43.5989576449
2001-12-17,30.4636884898,1.27317297967,-3.00216403217,-43.5726920909
2001-12-18,31.986816011,1.06515222252,-2.70957402333,-41.5132912107
2001-12-19,32.5213352665,2.27309457962,-1.40501698514,-41.8820062089
2001-12-20,32.0641671113,2.68927890869,-1.46678575517,-40.5339454543
2001-12-21,32.1705971297,1.12919640624,-2.57599815408,-40.8528354289
2001-12-22,32.2815589019,-0.831573508261,-2.29736838343,-40.6737116518
2001-12-23,31.3641871635,-3.52614764554,-1.94460199274,-38.5001856438
2001-12-24,33.2758204022,-4.74239685968,-1.59839506304,-38.9836722993
2001-12-25,31.5899580032,-4.85873229409,-1.35151779197,-36.991869816
2001-12-26,31.4801406848,-4.57457718753,-2.73666244927,-34.2959284906
2001-12-27,31.3970913879,-4.33696569847,-1.95601409464,-34.5922067606
2001-12-28,33.2246688478,-5.15444923365,-1.979469113,-34.4125498885
2001-12-29,33.2124454208,-4.94305245546,-1.94008825171,-33.7725410346
2001-12-30,34.1531038803,-5.17113805497,-2.40674633913,-33.1182915415
2001-12-31,32.2450420041,-4.50863297342,-2.67107003914,-34.5763401726
2002-01-01,33.7252625843,-5.21233163084,-4.22831772214,-32.9742180007
2002-01-02,34.0640513791,-3.95277790593,-4.55529848325,-32.1507638911
2002-01-03,34.7492739967,-5.90253803342,-3.66555246227,-33.1716294061
2002-01-04,34.4962980999,-7.62130715639,-3.83813442888,-32.4166236166
2002-01-05,33.8349120552,-8.47287447013,-4.64865312502,-32.6081552491
2002-01-06,33.5330885851,-7.95317194862,-4.72153891843,-33.0675376414
2002-01-07,33.5330315914,-8.85238385173,-6.3242570653,-33.6573710629
2002-01-08,33.4996337376,-9.8293797507,-6.35121261314,-32.8571306851
2002-01-09,34.2768977635,-9.65760576344,-7.3219293369,-33.4764273359
2002-01-10,33.3719713995,-9.55869148619,-7.1742519193,-32.846021416
2002-01-11,34.0544371108,-8.62903433793,-7.5424055468,-34.0471227441
2002-01-12,33.3359997465,-7.35738291734,-7.81877887179,-33.9048929608
2002-01-13,31.9431082719,-6.93816421461,-6.37556327121,-36.295283277
2002-01-14,33.0124503717,-6.38736863841,-5.85924547318,-35.4570692718
2002-01-15,34.2939449192,-7.18523067099,-6.07202404396,-35.8592869453
2002-01-16,35.310341201,-6.68228353946,-5.54032899576,-35.6318518057
2002-01-17,36.1301330392,-7.39100992605,-6.98266450493,-35.9900772571
2002-01-18,36.1433236661,-8.34996546765,-7.11154310714,-35.9292417997
2002-01-19,35.5258288165,-8.73083936095,-8.74600549571,-35.3296480324
2002-01-20,35.887741684,-10.0818994189,-10.2526029498,-35.3770408512
2002-01-21,35.1160424181,-11.3510335382,-11.1145593954,-34.0090901637
2002-01-22,34.0753836875,-10.5963389461,-10.358307049,-34.2257072965
2002-01-23,33.8723780711,-11.6613637044,-12.0502149515,-33.4903110871
2002-01-24,34.2617003259,-10.5347680702,-13.3199684866,-35.2462043438
2002-01-25,33.4470490318,-11.6028612891,-13.7695471235,-36.0652454464
2002-01-26,33.5387938976,-10.6824223754,-14.3420003171,-35.9216091754
2002-01-27,32.6110726406,-10.7365900826,-15.1424706206,-36.1629523751
2002-01-28,32.9247021574,-11.9842878438,-14.4301067547,-35.1369973117
2002-01-29,32.6628387157,-11.7889164251,-13.8434803387,-33.66771328
2002-01-30,31.9455554469,-10.9368494423,-14.1773407542,-33.4694386575
2002-01-31,32.2432652692,-9.63326363791,-12.7470902411,-33.8228593697
2002-02-01,32.2882242631,-7.40669845096,-12.1999373859,-33.8902350153
2002-02-02,32.021387915,-7.11384480536,-11.1454104232,-35.6489763822
2002-02-03,32.4512792167,-7.85792724432,-11.1741496621,-35.3204037938
2002-02-04,33.5745643749,-8.43509564224,-12.7570441531,-34.75674027
2002-02-05,35.2835892951,-7.41488180891,-13.5992352177,-35.2071168927
2002-02-06,36.4247698149,-7.40231341753,-11.5875496212,-33.3645708382
2002-02-07,35.8485381976,-6.50981087213,-11.1728869314,-33.2641090906
2002-02-08,34.7768513836,-7.3133247801,-11.2123565608,-34.0086502364
2002-02-09,36.2498010232,-6.53807047029,-11.5782467263,-33.5556350117
2002-02-10,36.5380470424,-7.05433641011,-11.6701984241,-32.8193228117
2002-02-11,33.9772430839,-5.18545585528,-12.0603932949,-33.1372246989
2002-02-12,34.4024075849,-5.54450969062,-10.6010068428,-33.1820399394
2002-02-13,32.5858444524,-4.36444102589,-11.3179458833,-34.5135850676
2002-02-14,33.404185521,-6.19823896424,-10.2823658564,-33.6034638947
2002-02-15,33.5511971719,-6.17536068328,-11.0727432568,-33.3849680053
2002-02-16,33.972471817,-9.17020492045,-11.2956467271,-34.1997609356
2002-02-17,35.2751402585,-7.93968617668,-10.082869658,-32.6751182895
2002-02-18,35.477182651,-7.66223415456,-9.17947804942,-32.9851469366
2002-02-19,36.7860202087,-8.43551696411,-10.1171459108,-32.414755699
2002-02-20,36.38319081,-8.55054210151,-8.58400056541,-32.3080955554
2002-02-21,35.1216507005,-6.45891136646,-7.67879070814,-32.811632544
2002-02-22,34.322701389,-6.38475464314,-8.72355761084,-33.0645419745
2002-02-23,35.0878744237,-4.42967367987,-6.71149377402,-33.181185452
2002-02-24,35.4641273694,-4.59420768291,-5.93177043017,-32.5870004855
2002-02-25,34.0472047097,-3.98287246822,-4.34797918642,-33.1721885878
2002-02-26,34.3319495006,-4.54306583894,-4.51650479328,-32.6835113865
2002-02-27,34.5778495296,-2.82630634021,-4.71407541533,-31.4406914092
2002-02-28,34.8018767027,-4.47494094208,-4.54361014058,-31.5894114226
2002-03-01,34.1924430643,-3.65501455808,-4.24020899259,-32.1728382634
2002-03-02,36.1508437829,-1.93984315998,-2.82858102467,-31.181009329
2002-03-03,38.3055254465,-3.57736386792,-1.06961130655,-31.8102300139
2002-03-04,39.0533099605,-3.8572226269,-0.154084999667,-32.9179431304
2002-03-05,38.2218102957,-2.11821576203,0.874649094709,-33.1061545648
2002-03-06,37.9121536451,-0.752559095465,0.202259654681,-30.8287575861
2002-03-07,37.809805548,-0.430112427696,-0.581193183663,-30.6255823375
2002-03-08,39.1203352563,0.0833388740206,1.48213923432,-32.436385353
2002-03-09,40.3279686171,-1.46384874834,0.552918677796,-30.3754963481
2002-03-10,40.2648985435,-0.0968996935251,1.13859239582,-31.676460043
2002-03-11,40.3307048996,1.12205242346,0.798487067249,-31.1511346243
2002-03-12,40.7350049893,1.95671744841,1.69277645661,-32.8447592417
2002-03-13,39.5097267817,1.8203152546,0.408390917322,-31.1878850835
2002-03-14,37.9645638231,1.94007855164,-0.983292413228,-31.316293067
2002-03-15,37.9983965512,0.869825733113,-0.77041303158,-31.9413934943
2002-03-16,38.8925478434,0.809706470057,-0.567823131326,-31.2253435109
2002-03-17,39.6859236245,-0.124269890104,-1.58745089919,-32.3005896986
2002-03-18,38.7834950528,-0.769761652782,-3.39434808749,-33.8267262643
2002-03-19,37.2436440549,0.0823495341652,-3.28030389774,-34.2271862917
2002-03-20,37.8791862131,1.10049490067,-2.57572165785,-33.7566420626
2002-03-21,38.4567006469,0.443427158288,-1.46690227806,-34.4114516541
2002-03-22,38.2437775944,2.22769025513,-1.19970916968,-34.6575339899
2002-03-23,37.817580048,2.12740007909,-1.44152706926,-34.6860884852
2002-03-24,36.7453093018,1.8053964752,-4.79577587216,-36.5890321694
2002-03-25,34.1128498906,3.0803765289,-4.71293466651,-35.9981208219
2002-03-26,35.7518768347,3.40810574817,-4.5999013511,-36.1875496766
2002-03-27,34.7294466924,3.9884025898,-3.83302525438,-37.4137372363
2002-03-28,34.7970476609,4.84394529011,-5.2973070021,-37.2917139272
2002-03-29,34.5795063551,5.50569357622,-4.28115209085,-37.4263644523
2002-03-30,33.1689445449,5.78479174915,-4.59180745829,-38.5359222354
2002-03-31,33.7813026062,5.19576446634,-4.30872313562,-40.2278028917
2002-04-01,35.9706828017,6.14492122445,-4.48064478918,-39.9175068664
2002-04-02,36.5093169617,5.02736822127,-5.2554304009,-39.8625286859
2002-04-03,36.4363623121,7.1387777607,-6.10066814105,-39.1404998449
2002-04-04,35.9874615684,6.38445284851,-7.9786412737,-38.1065654336
2002-04-05,35.697291347,7.17877129939,-7.41393103857,-39.1907718629
2002-04-06,33.8879606763,9.24509041443,-6.19731401134,-40.2707759019
2002-04-07,33.4416541254,10.2165425476,-6.05320737288,-40.7256830351
2002-04-08,35.0524625391,10.2371853518,-6.15903745796,-41.7141703686
2002-04-09,34.8175652908,10.2022220504,-6.59626652046,-41.7204364314
2002-04-10,36.2477485641,10.0602822692,-5.90474407409,-40.5265625587
2002-04-11,36.3418250233,10.2267616686,-4.5234779178,-41.5285240712
2002-04-12,36.6692879933,10.6808748117,-4.21663876446,-41.5910887159
2002-04-13,34.233212037,9.27831953802,-5.31664282919,-40.9736971102
2002-04-14,33.1631466928,9.64810610339,-7.14134626305,-40.9477348625
2002-04-15,32.0928710703,8.83356344612,-7.02546165877,-41.7704767987
2002-04-16,35.1149754415,10.0763447292,-6.73616538421,-42.5491047285
2002-04-17,35.4054218485,8.98632689387,-6.22507686615,-43.9755088363
2002-04-18,34.8440807032,9.39359315813,-4.64962985548,-43.3185991964
2002-04-19,33.9654780657,11.2453059752,-4.9885598231,-42.6362798574
2002-04-20,34.0531628893,11.6473040163,-4.7644619391,-43.2889298017
2002-04-21,35.1543392868,10.8988122507,-4.31628426112,-43.7807562809
2002-04-22,35.2857514903,10.7752877787,-5.34165095889,-44.5005717734
2002-04-23,34.9169505791,10.5218605467,-3.96751288071,-44.9578538736
2002-04-24,34.7469325605,10.9450572921,-5.16653185107,-44.1354170573
2002-04-25,34.937904994,11.6257835874,-5.9076747489,-43.7052725317
2002-04-26,35.2379543149,12.1818872834,-7.25685077777,-43.8509124749
2002-04-27,35.700212287,11.5819603612,-7.8094610023,-43.7592936013
2002-04-28,37.2842258714,12.2351203368,-6.75376402738,-43.8114174325
2002-04-29,36.0959450683,13.1135407267,-7.12958804316,-44.7600974773
2002-04-30,36.9131502756,14.7258282194,-5.89861261178,-44.9163574567
2002-05-01,36.3065269359,13.1055722698,-5.36530793092,-46.5217508266
2002-05-02,36.525768644,11.1283365139,-5.79510164353,-46.0901820437
2002-05-03,35.6453858015,10.3965296288,-6.87349524175,-47.604047766
2002-05-04,34.3986358448,9.21114599528,-5.66783029986,-47.2133463431
2002-05-05,35.3221260432,11.1025288365,-6.58966737309,-48.3413706383
2002-05-06,34.6325776714,9.87409381302,-6.42758731331,-49.2804560032
2002-05-07,36.0959218212,10.0484678449,-6.02532342469,-51.0425608255
2002-05-08,36.0276232159,11.2250718871,-6.24542626512,-51.8708580237
2002-05-09,37.1008935992,13.949166262,-6.47693625559,-51.7073252423
2002-05-10,36.5517569532,14.1005638812,-6.54511109253,-51.9878523118
2002-05-11,37.5067213424,12.1111525998,-4.54082319412,-52.8434663754
2002-05-12,37.7244714574,11.2444978832,-5.22925362951,-53.2889445635
2002-05-13,38.6122042375,9.93332221128,-3.97431217362,-54.1899231149
2002-05-14,37.9488764793,10.9827002578,-4.36141762346,-55.061975036
2002-05-15,38.7236573367,11.4699201281,-3.51568082885,-53.0232261711
2002-05-16,38.4575373416,12.9518465417,-3.96854320939,-52.8368946992
2002-05-17,38.0308940335,14.7291046051,-6.70549868322,-53.6484404816
2002-05-18,37.272053255,15.0222595303,-6.25777922094,-54.3101114338
2002-05-19,35.7561919918,14.912262582,-5.81836643212,-54.294374254
2002-05-20,36.981394112,15.5819328925,-6.16337324728,-53.1032942433
2002-05-21,36.8967651167,16.1632410283,-4.63146172719,-52.3748055114
2002-05-22,35.9608288879,17.6935885449,-5.52931919051,-50.6204776127
2002-05-23,36.9223768671,16.7876397459,-6.81597177924,-50.7845296277
2002-05-24,36.2722083041,16.0817137207,-8.38988050293,-50.9548881631
2002-05-25,37.6436888531,16.1446327675,-7.49098331948,-52.460930452
2002-05-26,38.3062278867,15.1178443072,-6.51571698273,-51.9979641418
2002-05-27,35.9597545841,14.9851972433,-6.82775616526,-52.9584643553
2002-05-28,38.1052037038,15.3083421233,-5.75660612546,-52.6096839025
2002-05-29,38.256772967,14.5016270723,-3.79908898855,-51.2832114099
2002-05-30,37.2383077808,15.6517028644,-4.26967219652,-52.2475930756
2002-05-31,37.6303614296,16.1312046147,-2.99501220274,-52.6328951645
2002-06-01,39.0719924857,14.736810771,-1.80694835506,-53.4357090119
2002-06-02,38.2219691047,14.5163157349,-2.08844704199,-54.8346506896
2002-06-03,40.3820604999,16.5474352583,-2.90618923018,-54.0456208358
2002-06-04,40.3120887863,15.2330681017,-4.54941504851,-53.8118991465
2002-06-05,41.9902526667,17.1057734833,-5.32152657922,-54.3158654837
2002-06-06,42.85211525,17.5716830408,-5.82351755537,-54.2299912512
2002-06-07,41.4716349552,16.694241276,-5.91740307538,-54.7993925249
2002-06-08,42.7071857615,16.0126869296,-5.60531982048,-56.2055833836
2002-06-09,43.0579211098,14.2958496197,-6.26128301728,-56.7435187773
2002-06-10,43.8200191396,13.8280130039,-5.51904892178,-55.5660752907
2002-06-11,42.3862419573,13.2545540478,-6.9549069053,-54.107532759
2002-06-12,41.0922533053,13.7847661025,-5.86067910049,-55.4508643443
2002-06-13,41.1048429128,14.2600173406,-5.73089181856,-55.1792466046
2002-06-14,42.6313473636,15.2821510358,-7.42934664547,-54.4677660359
2002-06-15,42.3922657415,13.9200989975,-6.37543024594,-53.3743761176
2002-06-16,44.5157924322,15.0023268258,-6.80648252189,-54.0143746941
2002-06-17,44.8847449632,15.6994771286,-6.49973114782,-53.9245539426
2002-06-18,45.0141207153,16.7049503637,-7.08546480858,-54.2324560462
2002-06-19,44.4830159011,15.0329559889,-7.33296946155,-54.2819884775
2002-06-20,43.9925321744,15.610948174,-6.69170641579,-52.6719505512
2002-06-21,42.7411576984,16.3214474522,-4.65577178356,-51.5218912156
2002-06-22,41.3247955502,15.784374866,-4.95461269914,-51.6028938364
2002-06-23,41.1713915046,15.4893768826,-3.20272144659,-50.9376937096
2002-06-24,41.5553063156,16.5908743985,-3.55094610934,-50.3802913758
2002-06-25,41.2784249525,17.2037345227,-3.15025821359,-51.0713236018
2002-06-26,43.7201519992,16.8723759877,-4.27620333669,-49.4040996951
2002-06-27,42.9504593458,18.7851128443,-4.60267878049,-48.3545095757
2002-06-28,42.2294747747,18.7289346852,-4.65293026233,-47.5410730309
2002-06-29,41.6981445279,20.1446452011,-5.23627502893,-48.7395446077
2002-06-30,40.6915212505,20.2893236129,-6.51417481051,-47.9053356345
2002-07-01,39.8740361176,19.9226918097,-5.40175655689,-49.5163945622
2002-07-02,37.8191469502,19.5963578775,-4.3227055569,-49.0838371962
2002-07-03,38.8794241671,18.4554858302,-2.92664974533,-48.7138062321
2002-07-04,38.0092769496,17.1045810957,-3.31199764119,-48.443251814
2002-07-05,38.9861751332,15.4920557736,-2.70246786129,-50.5267230698
2002-07-06,39.758697945,15.2731424869,-0.822232841294,-49.3217017082
2002-07-07,41.038199831,14.8998426619,-1.03803036963,-48.2977977102
2002-07-08,40.251969533,14.4353130428,-2.89409185248,-48.2652120409
2002-07-09,40.742885006,13.9697143073,-3.95497450555,-47.9987146238
2002-07-10,39.7750215612,11.3982093479,-3.66443978327,-48.9354043536
2002-07-11,39.7798821597,12.1447828846,-4.69576953192,-47.2521938624
2002-07-12,38.0848305975,13.2552304521,-3.55822546057,-48.4860941271
2002-07-13,37.3360829311,15.7334297883,-2.12535785744,-48.6580734278
2002-07-14,36.6428916191,16.5588398574,-2.8724955132,-48.0849831383
2002-07-15,36.4371402811,16.9187503138,-1.77281209976,-47.3060653665
2002-07-16,37.1514751322,15.7060008468,-0.419304960329,-46.3976033309
2002-07-17,35.6142418071,16.4510458793,-0.0753793978579,-46.7438655986
2002-07-18,36.333404636,14.9551580855,0.984399395103,-45.7136898774
2002-07-19,36.0439786582,16.2890472239,1.80317559813,-44.9973784624
2002-07-20,36.0665448537,16.6674520861,0.478119801719,-45.0190160616
2002-07-21,36.4786519378,17.1953885205,0.594923483336,-43.7012764056
2002-07-22,37.291678015,15.9499558675,-0.0455282895629,-42.5385401852
2002-07-23,38.5451500186,15.3472531943,0.98746005097,-41.8073775357
2002-07-24,37.9036067569,16.5888686257,-0.0654645984848,-41.7415397201
2002-07-25,36.3916993932,15.1184172072,0.389582387925,-41.427768543
2002-07-26,37.0327065067,15.1300586631,2.16216164979,-40.5859345505
2002-07-27,36.4072757696,15.5640468405,3.05589884451,-40.0475330893
2002-07-28,36.8753451285,14.8551664773,3.60092413361,-40.9727813185
2002-07-29,36.6706548396,16.346004712,4.49209202739,-40.8744974531
2002-07-30,35.4989413708,16.5455688972,3.76143874874,-39.7375036102
2002-07-31,37.1774174326,16.5177956456,4.17654905207,-40.2824942613
2002-08-01,36.5992041382,16.5237056297,3.67675585563,-39.6608806396
2002-08-02,36.1336159899,17.1351393867,3.66981157692,-38.8044114388
2002-08-03,35.3920276756,17.7090667896,4.33912971338,-36.7961911875
2002-08-04,34.4943147103,19.1296365681,5.4667035782,-36.5604157323
2002-08-05,33.6513284027,19.7604123248,6.50425110289,-36.4684709317
2002-08-06,33.7241158488,19.6095318646,5.98961647403,-34.9915011292
2002-08-07,33.7628815233,19.6118515778,5.96078408616,-35.5199035345
2002-08-08,33.0337585835,18.8735209919,5.7724314037,-37.5670349669
2002-08-09,34.1012457083,18.9695230289,5.6135920132,-36.9241697596
2002-08-10,33.1585225267,19.6737996279,6.13688930473,-37.4090266011
2002-08-11,32.7893735587,20.2797296739,8.06479598651,-37.3241771698
2002-08-12,32.7524361426,22.5738758152,6.63310848503,-37.6985991591
2002-08-13,32.3232957817,22.8600462725,7.70449380877,-37.5858519308
2002-08-14,32.3297498549,23.2090703523,6.50339491665,-36.8234758209
2002-08-15,32.8593463846,20.5167476896,7.40661349484,-38.76959804
2002-08-16,32.4303576704,20.6291859104,6.0733479788,-40.9368184671
2002-08-17,31.0443970226,21.5442836599,6.80530226442,-41.5945196803
2002-08-18,32.3684352156,21.3317124817,9.12379030273,-41.9362527132
2002-08-19,31.1668746654,21.6947082384,8.57327121888,-42.5306106491
2002-08-20,31.1796018962,21.7383631117,6.2680815752,-43.4630868332
2002-08-21,30.791783995,21.4044198324,4.93071914078,-44.6411890655
2002-08-22,30.8328421604,21.5156453175,5.33761840192,-44.5555197578
2002-08-23,29.4112369093,21.5766781478,5.31128147937,-44.239228455
2002-08-24,28.4295104559,22.8964019185,5.99591150166,-42.6818999079
2002-08-25,28.8356175548,22.4047598557,6.38794367822,-41.821897131
2002-08-26,29.6534565702,24.0739978442,7.35874163846,-43.4775471872
2002-08-27,28.8501345318,23.2704493139,6.69452452441,-41.7997368767
2002-08-28,30.0990203194,24.9034778651,5.31634084121,-40.6908256303
2002-08-29,31.0828700293,26.0452109476,5.25437442995,-40.0998265664
2002-08-30,30.3963060681,26.2118866694,4.28584991598,-39.3037254163
2002-08-31,30.6473757559,26.6352393994,4.00016092116,-38.554118861
2002-09-01,29.3740285859,25.9127798995,3.45349314607,-38.2463681552
2002-09-02,28.0988230011,26.3278545725,3.04638323025,-38.47472798
2002-09-03,26.5424539164,27.604387431,1.71982668962,-38.4809984292
2002-09-04,26.3619550159,26.334319495,1.27889781026,-38.5774741382
2002-09-05,26.7945993102,27.153265298,2.49797584196,-39.1777025008
2002-09-06,26.6616656593,28.0685103458,3.20759725783,-39.2093646538
2002-09-07,26.5605222666,28.6059270091,3.38241675744,-38.3453557871
2002-09-08,26.5561435246,28.2559360517,3.46144242777,-39.030939412
2002-09-09,27.5818890097,28.3419721974,3.6688216629,-40.610922922
2002-09-10,27.8048593144,29.2469430339,4.69497902894,-41.4404936144
2002-09-11,28.0754681873,29.247533504,5.12149471679,-41.4340567859
2002-09-12,28.8810492855,30.6113095137,4.68281492245,-42.8506992755
2002-09-13,28.5428515596,29.8346075368,3.76805042891,-42.8073982301
2002-09-14,28.6876896943,30.5596305946,1.54350792416,-43.7786883711
2002-09-15,30.0203570289,30.2291582311,2.2920717841,-42.6581976954
2002-09-16,28.3436018271,31.2500493472,3.58046836549,-42.522085838
2002-09-17,27.46885439,30.1420412772,1.81126108005,-44.90323675
2002-09-18,26.8736788804,29.4235161239,2.09722133494,-43.6555150361
2002-09-19,27.0274992165,28.5398740413,0.537505462456,-42.4307647919
2002-09-20,25.489879139,29.3558626895,1.44133228137,-42.5567175152
2002-09-21,24.7488221329,31.2766593007,1.60170449757,-42.6053551981
2002-09-22,25.1508989989,30.5408988678,0.858845841811,-41.6332487434
2002-09-23,26.2501230814,31.2313548669,1.64089770563,-41.9142193504
2002-09-24,27.1396146605,30.7273830834,2.74147563989,-42.8514941704
2002-09-25,26.6848410412,31.7506505526,3.46083831536,-43.9066032875
2002-09-26,28.6121244576,31.7588341104,2.68758321024,-44.0115661088
